{
    "providers": [
    {"file":"minecraft:gui/custom/icon-1.png","chars":["\uE100"],"height":26,"ascent":8,"type":"bitmap"},
    {"file":"minecraft:gui/custom/icon-2.png","chars":["\uE101"],"height":26,"ascent":8,"type":"bitmap"},
    {"file":"minecraft:gui/custom/0.png","chars":["\uE000"],"height":26,"ascent":8,"type":"bitmap"},
    {"file":"minecraft:gui/custom/1.png","chars":["\uE001"],"height":26,"ascent":8,"type":"bitmap"},
    {"file":"minecraft:gui/custom/2.png","chars":["\uE002"],"height":26,"ascent":8,"type":"bitmap"},
    {"file":"minecraft:gui/custom/3.png","chars":["\uE003"],"height":26,"ascent":8,"type":"bitmap"},
    {"file":"minecraft:gui/custom/4.png","chars":["\uE004"],"height":26,"ascent":8,"type":"bitmap"},
    {"file":"minecraft:gui/custom/5.png","chars":["\uE005"],"height":26,"ascent":8,"type":"bitmap"},
    {"file":"minecraft:gui/custom/6.png","chars":["\uE006"],"height":26,"ascent":8,"type":"bitmap"},
    {"file":"minecraft:gui/custom/7.png","chars":["\uE007"],"height":26,"ascent":8,"type":"bitmap"},
    {"file":"minecraft:gui/custom/8.png","chars":["\uE008"],"height":26,"ascent":8,"type":"bitmap"},
    {"file":"minecraft:gui/custom/9.png","chars":["\uE009"],"height":26,"ascent":8,"type":"bitmap"},
    {"file":"minecraft:gui/custom/dot.png","chars":["\uE010"],"height":26,"ascent":8,"type":"bitmap"},
    {"file":"minecraft:gui/custom/v.png","chars":["\uE011"],"height":26,"ascent":8,"type":"bitmap"},
    {"file":"minecraft:gui/custom/space.png","chars":["\uE012"],"height":26,"ascent":8,"type":"bitmap"},
    {"file":"minecraft:gui/custom/discord.png","chars":["\uE013"],"height":26,"ascent":8,"type":"bitmap"}
    ]
}